
{
    "region" : "eu-central-1",
    "configuration" : "Release",
    "framework"     : "netcoreapp3.1",
    "self-contained" : false,
    "application"    : "Revenout",
    "environment"    : "Revenout-dev",
    "enable-xray"    : false,
    "enhanced-health-type" : "basic",
    "additional-options"   : "\"aws:autoscaling:launchconfiguration,SecurityGroups\"=\"sg-86e87efa\";\"aws:ec2:vpc,Subnets\"=\"subnet-f68a2fba\"",
    "solution-stack"       : "64bit Amazon Linux 2 v2.0.4 running .NET Core",
    "environment-type"     : "SingleInstance",
    "cname"                : "expedicemars",
    "instance-type"        : "t2.micro",
    "key-pair"             : "",
    "instance-profile"     : "aws-elasticbeanstalk-ec2-role",
    "service-role"         : "aws-elasticbeanstalk-service-role",
    "proxy-server"         : "nginx"
}